platform,content_category,content_type,n,media,media_resto,lift,ic_inf,ic_sup,p,p_ajustado,classe,objetivo
Bilibili,beauty,image,776,0.19923997788711253,0.19905174087201163,0.0009456687707238842,-0.0008013506391903539,0.0026926881806382847,0.28830850542110287,0.8105238540246951,ruído,engajamento
Bilibili,beauty,mixed,417,0.19911610182697972,0.19905404280852337,0.00031176969621293793,-0.0019407553658087346,0.0025642947582344127,0.7857129113430924,0.9175267679738895,ruído,engajamento
Bilibili,beauty,text,459,0.19922467236364147,0.19905302956622595,0.0008622968351175153,-0.0013205090055494091,0.0030451026757845633,0.43797785782824217,0.8105238540246951,ruído,engajamento
Bilibili,beauty,video,2599,0.19894667598661103,0.19906018863097313,-0.0005702428252619685,-0.0015518007302431102,0.0004113150797192234,0.25474179649456097,0.8105238540246951,ruído,engajamento
Bilibili,lifestyle,image,824,0.19877486084511914,0.19905902285422372,-0.001427526394082057,-0.003146616395592159,0.00029156360742809594,0.10349965322673198,0.7982742462799918,ruído,engajamento
Bilibili,lifestyle,mixed,410,0.19922800421601822,0.1990531655487292,0.0008783516042412121,-0.0015994869004471134,0.003356190108929482,0.48631431241481704,0.8105238540246951,ruído,engajamento
Bilibili,lifestyle,text,416,0.19940295906763664,0.1990517401992895,0.0017644601750053113,-0.0006548081934576663,0.004183728543468094,0.1524307689979154,0.8105238540246951,ruído,engajamento
Bilibili,lifestyle,video,2510,0.19912480527996232,0.19905099003223542,0.0003708358733354178,-0.0006010967927921716,0.0013427685394631665,0.45443882261891266,0.8105238540246951,ruído,engajamento
Bilibili,tech,image,433,0.1991492998032178,0.19905374602653755,0.0004800400825790696,-0.0018892495611082048,0.0028493297262662826,0.6906727885366992,0.9175267679738895,ruído,engajamento
Bilibili,tech,mixed,217,0.19913149485108983,0.19905421727084732,0.00038822377793357177,-0.003021364505325595,0.0037978120611928297,0.8226457927525738,0.9175267679738895,ruído,engajamento
Bilibili,tech,text,203,0.19872804657304927,0.19905581273885536,-0.0016466043432556976,-0.0048474166390575085,0.0015542079525460515,0.31164498529098883,0.8105238540246951,ruído,engajamento
Bilibili,tech,video,1334,0.19920573062908006,0.1990505743937842,0.000779481474838084,-0.0004972305402241242,0.0020561934899005043,0.231250367766164,0.8105238540246951,ruído,engajamento
Instagram,beauty,image,819,0.19908818961168456,0.19905400218937572,0.00017174948472686857,-0.0015088086620756841,0.001852307631529415,0.8410662039760655,0.9175267679738895,ruído,engajamento
Instagram,beauty,mixed,424,0.1992950348849526,0.1990525695119466,0.0012180971770445748,-0.001230894970735244,0.003667089324824527,0.3288144710264399,0.8105238540246951,ruído,engajamento
Instagram,beauty,text,413,0.19923913830641513,0.199053066653045,0.0009347841583091654,-0.0014865855021697204,0.003356153818787981,0.44836892087090174,0.8105238540246951,ruído,engajamento
Instagram,beauty,video,2541,0.19883859214185595,0.19906558507000743,-0.0011402921709026126,-0.002115040051719532,-0.000165544290085734,0.0218744178576707,0.6330290889074828,ruído,engajamento
Instagram,lifestyle,image,796,0.1989994418184714,0.19905539138292877,-0.000281075353290694,-0.002019399445012488,0.001457248738431148,0.7510346420307011,0.9175267679738895,ruído,engajamento
Instagram,lifestyle,mixed,411,0.1988326933178389,0.1990562985321565,-0.0011233264959032985,-0.0036045073550406894,0.0013578543632341048,0.3740121293379619,0.8105238540246951,ruído,engajamento
Instagram,lifestyle,text,401,0.1987706300120345,0.19905673570687102,-0.0014373072773475881,-0.0038443402781976345,0.0009697257235025672,0.24114402762686404,0.8105238540246951,ruído,engajamento
Instagram,lifestyle,video,2529,0.19908704969096194,0.19905288358954396,0.0001716433382017435,-0.0008220262333062616,0.0011653129097096973,0.7348572831428917,0.9175267679738895,ruído,engajamento
Instagram,tech,image,416,0.19901324026179687,0.19905487010822862,-0.0002091375428749931,-0.002647130771685452,0.002228855685935369,0.8661801511797627,0.9280501619783171,ruído,engajamento
Instagram,tech,mixed,206,0.19946643437926762,0.19905290694379338,0.0020774749880492216,-0.001306437511294183,0.005461387487392796,0.2275219274045381,0.8105238540246951,ruído,engajamento
Instagram,tech,text,216,0.1988491958733439,0.19905539142863748,-0.0010358702359866134,-0.0043427519632751165,0.002271011491301982,0.5376192452049475,0.817991028569487,ruído,engajamento
Instagram,tech,video,1251,0.19892644866494988,0.19905768268224167,-0.0006592763239451349,-0.0020457160192263847,0.0007271633713360997,0.3510648267806252,0.8105238540246951,ruído,engajamento
RedNote,beauty,image,830,0.19909253824795725,0.19905392462768817,0.0001939857269395162,-0.0015585976573642727,0.0019465691112434383,0.828067168136946,0.9175267679738895,ruído,engajamento
RedNote,beauty,mixed,454,0.1990800123056214,0.1990543149966805,0.00012909697004714893,-0.0021193267456360147,0.0023775206857304092,0.9102138565986702,0.9416005413089692,ruído,engajamento
RedNote,beauty,text,366,0.19950969841940025,0.19905132541647574,0.002302787996841804,-0.00012825136820549907,0.004733827361889043,0.06330290889074827,0.6330290889074828,ruído,engajamento
RedNote,beauty,video,2571,0.1988684371546746,0.19906417657857634,-0.0009832980864062923,-0.0019504803980572314,-1.6115774755242797e-05,0.046305321359148374,0.6330290889074828,ruído,engajamento
RedNote,lifestyle,image,841,0.1994609244295595,0.19904788570590923,0.0020750721475160105,0.0004026529981391268,0.0037474912968929004,0.01508226660006456,0.6330290889074828,ruído,engajamento
RedNote,lifestyle,mixed,411,0.199248902711607,0.19905299636701473,0.0009841918894355484,-0.001321985184019718,0.00329036896289089,0.40201969134043314,0.8105238540246951,ruído,engajamento
RedNote,lifestyle,text,404,0.19917200863903126,0.19905362243437108,0.0005947452913057649,-0.0018460279781178197,0.0030355185607291286,0.632192293161315,0.9031318473733071,ruído,engajamento
RedNote,lifestyle,video,2469,0.19915687636337415,0.19904945908279753,0.0005396512056430325,-0.0004546287590719873,0.0015339311703579605,0.28730730838625407,0.8105238540246951,ruído,engajamento
RedNote,tech,image,422,0.1990398521928524,0.19905465809757397,-7.438110146773536e-05,-0.0024315147790245593,0.0022827525760890782,0.9505730245947618,0.9505730245947618,ruído,engajamento
RedNote,tech,mixed,228,0.19928224230483396,0.19905353977165838,0.0011489498425294453,-0.001786081646244298,0.004083981331303276,0.44131182840500605,0.8105238540246951,ruído,engajamento
RedNote,tech,text,190,0.1990083362396519,0.19905470717225512,-0.00023295571987203,-0.0037718874302027274,0.003305975990458609,0.8968275910414764,0.9416005413089692,ruído,engajamento
RedNote,tech,video,1216,0.19902012422323012,0.19905535900936286,-0.00017700998510206123,-0.0015578637952280247,0.0012038438250238563,0.8014803028466727,0.9175267679738895,ruído,engajamento
TikTok,beauty,image,790,0.19899224305846155,0.19905549544568196,-0.0003177625771083603,-0.0020538112142914297,0.0014182860600746399,0.7194771098914654,0.9175267679738895,ruído,engajamento
TikTok,beauty,mixed,424,0.19947232783410818,0.1990511180307641,0.0021160886083491093,-0.00011481052218829839,0.004346987738886615,0.06295461754517523,0.6330290889074828,ruído,engajamento
TikTok,beauty,text,434,0.19891282509050068,0.19905572622104398,-0.0007178951003128375,-0.003049058759866774,0.0016132685592411173,0.545327352379658,0.817991028569487,ruído,engajamento
TikTok,beauty,video,2482,0.19919585841568904,0.19904748550686066,0.0007454146353598201,-0.000247317562572528,0.001738146833292126,0.14104586385086795,0.8105238540246951,ruído,engajamento
TikTok,lifestyle,image,782,0.19891102365692676,0.19905672051087295,-0.0007319363725689643,-0.002417551396029628,0.0009536786508918022,0.39427569232801574,0.8105238540246951,ruído,engajamento
TikTok,lifestyle,mixed,383,0.19868286365557128,0.199057284888095,-0.0018809722675269258,-0.004521867678043502,0.0007599231429896999,0.16220674578423908,0.8105238540246951,ruído,engajamento
TikTok,lifestyle,text,434,0.1992357222492623,0.19905301982152868,0.0009178581058324475,-0.0013591667219147114,0.0031948829335797686,0.4286536595959337,0.8105238540246951,ruído,engajamento
TikTok,lifestyle,video,2529,0.1990468842518396,0.19905492803747674,-4.040987940578944e-05,-0.0010135849044935062,0.0009327651456819121,0.9351135151707106,0.9505730245947618,ruído,engajamento
TikTok,tech,image,413,0.19883558432144788,0.19905628411594714,-0.0011087306059159863,-0.0034878302562682383,0.001270369044436225,0.3601682417398616,0.8105238540246951,ruído,engajamento
TikTok,tech,mixed,187,0.19929172008026413,0.19905368593537826,0.001195828872835536,-0.0021090256058469044,0.004500683351518147,0.47623830950327534,0.8105238540246951,ruído,engajamento
TikTok,tech,text,210,0.19897370031500272,0.1990548648709481,-0.0004077496724231855,-0.0038147782663725486,0.002999278921526206,0.8137223733428752,0.9175267679738895,ruído,engajamento
TikTok,tech,video,1228,0.19897241802242366,0.19905651630807278,-0.0004224844642561898,-0.001784914895359106,0.0009399459668467211,0.5430634992593258,0.817991028569487,ruído,engajamento
YouTube,beauty,image,872,0.198900781004504,0.19905714987298914,-0.0007855476107485604,-0.0023933433193413156,0.0008222480978442925,0.3378665948324708,0.8105238540246951,ruído,engajamento
YouTube,beauty,mixed,403,0.19914257733529192,0.1990538536439909,0.0004457270717286299,-0.0019318408155326763,0.0028232949589898746,0.712668897135857,0.9175267679738895,ruído,engajamento
YouTube,beauty,text,412,0.1992055298595916,0.19905333754512922,0.0007645805709131093,-0.0016127518935099235,0.0031419130353359534,0.5276140207790535,0.817991028569487,ruído,engajamento
YouTube,beauty,video,2537,0.19916679370203388,0.19904880556782564,0.0005927598202444262,-0.00037902169763499253,0.0015645413381237354,0.2317820658437322,0.8105238540246951,ruído,engajamento
YouTube,lifestyle,image,848,0.19912545256134448,0.19905336771488757,0.00036213829127551556,-0.0012908918151637292,0.002015168397714744,0.6673200933974334,0.9099819455419546,ruído,engajamento
YouTube,lifestyle,mixed,429,0.19917730074411197,0.19905352144048877,0.0006218393059687077,-0.0017224970499958327,0.0029661756619334453,0.6023992255143545,0.8815598422161286,ruído,engajamento
YouTube,lifestyle,text,433,0.1991573214791034,0.19905367894815632,0.0005206762894047756,-0.0017387188888217306,0.0027800714676311155,0.65083023536237,0.9081352121335395,ruído,engajamento
YouTube,lifestyle,video,2501,0.1989853433031694,0.19905801955652863,-0.0003651008561280644,-0.0013396655528194995,0.0006094638405633869,0.4626561378716526,0.8105238540246951,ruído,engajamento
YouTube,tech,image,441,0.1987828628009604,0.19905685255480096,-0.0013764396971217563,-0.0036053884780295623,0.0008525090837859746,0.2255351675259683,0.8105238540246951,ruído,engajamento
YouTube,tech,mixed,209,0.19869894349961056,0.19905596751511423,-0.0017935860952099647,-0.0053539101734374536,0.0017667379830176245,0.3218023106372734,0.8105238540246951,ruído,engajamento
YouTube,tech,text,207,0.19960213840267457,0.1990523588587225,0.0027619845708146684,-0.0005961791241208804,0.006120148265750439,0.10643656617066558,0.7982742462799918,ruído,engajamento
YouTube,tech,video,1203,0.19877699633383805,0.1990610837510601,-0.001427136896216874,-0.0028246291784539824,-2.9644613979723043e-05,0.04534124999457238,0.6330290889074828,ruído,engajamento
Bilibili,beauty,image,776,10096.274484536083,10100.343792526926,-0.00040288806741950456,-0.0011117713469546292,0.00030599521211571197,0.2649200039366831,0.8710731497022668,ruído,alcance
Bilibili,beauty,mixed,417,10101.46282973621,10100.273818947044,0.00011772064901216517,-0.0008578485455761375,0.0010932898436004205,0.8126276469933428,0.9954033944184817,ruído,alcance
Bilibili,beauty,text,459,10099.85403050109,10100.287122017196,-4.2879129164785645e-05,-0.0009573968936865025,0.0008716386353569528,0.9266292863713202,0.9954033944184817,ruído,alcance
Bilibili,beauty,video,2599,10099.552904963448,10100.32157613625,-7.610363363264039e-05,-0.00046736267785631863,0.00031515541059106534,0.7029403598015133,0.9954033944184817,ruído,alcance
Bilibili,lifestyle,image,824,10104.493932038835,10100.215800739443,0.0004235683062414619,-0.0002686287718676825,0.0011157653843505246,0.23006641419897295,0.8710731497022668,ruído,alcance
Bilibili,lifestyle,mixed,410,10093.292682926829,10100.338641803723,-0.000697596301150849,-0.0016864270025461117,0.00029123440024435466,0.16626210663666194,0.8710731497022668,ruído,alcance
Bilibili,lifestyle,text,416,10093.23076923077,10100.339955210626,-0.0007038561089410811,-0.0016491197845964038,0.00024140756671433886,0.14404395817420182,0.8710731497022668,ruído,alcance
Bilibili,lifestyle,video,2510,10101.06454183267,10100.243863672944,8.125330148489596e-05,-0.00032112185465723014,0.000483628457626926,0.6921671114274391,0.9954033944184817,ruído,alcance
Bilibili,tech,image,433,10107.429561200925,10100.22355690311,0.0007134499803114203,-0.00020368256935333047,0.001630582529976218,0.12701039755489718,0.8710731497022668,ruído,alcance
Bilibili,tech,mixed,217,10100.064516129032,10100.284227936227,-2.1753032116378357e-05,-0.0013752141578948975,0.001331708093662215,0.974758729209736,0.9954033944184817,ruído,alcance
Bilibili,tech,text,203,10095.689655172413,10100.301243967622,-0.0004565793320236988,-0.0018387427321900954,0.000925584068142638,0.5155742808508418,0.9667017765953283,ruído,alcance
Bilibili,tech,video,1334,10099.695652173914,10100.298722484276,-5.970816576150728e-05,-0.0005945990670806693,0.0004751827355577293,0.826702747264134,0.9954033944184817,ruído,alcance
Instagram,beauty,image,819,10099.587301587302,10100.294406070629,-7.000830420367254e-05,-0.0007450107723641127,0.0006049941639568408,0.838738190709606,0.9954033944184817,ruído,alcance
Instagram,beauty,mixed,424,10099.80424528302,10100.287236918324,-4.781959403488134e-05,-0.0010315634875358438,0.0009359242994661772,0.9239283294481017,0.9954033944184817,ruído,alcance
Instagram,beauty,text,413,10101.416464891041,10100.274280419297,0.00011308450048308494,-0.0008495014116275287,0.0010756704125938752,0.8174866100997459,0.9954033944184817,ruído,alcance
Instagram,beauty,video,2541,10100.323101141283,10100.281279568377,4.140634478178029e-06,-0.0003920247865967257,0.0004003060555531801,0.9836507875168241,0.9954033944184817,ruído,alcance
Instagram,lifestyle,image,796,10100.226130653265,10100.284200085573,-5.749286966283407e-06,-0.0006902875692993271,0.0006787889953668034,0.9868509778281964,0.9954033944184817,ruído,alcance
Instagram,lifestyle,mixed,411,10098.715328467153,10100.2957550721,-0.00015647329972034996,-0.001111899212955358,0.0007989526135147311,0.7476709652016759,0.9954033944184817,ruído,alcance
Instagram,lifestyle,text,401,10105.668329177057,10100.241638198908,0.0005372832821766149,-0.00044655304215203087,0.0015211196065053865,0.28365910824644447,0.8710731497022668,ruído,alcance
Instagram,lifestyle,video,2529,10098.397785686042,10100.379289524,-0.0001961811315356332,-0.0005908543752760216,0.0001984921122046605,0.3298103065512645,0.8710731497022668,ruído,alcance
Instagram,tech,image,416,10105.310096153846,10100.242943743002,0.0005016861910220882,-0.0005018996749323923,0.0015052720569765086,0.32636967678917383,0.8710731497022668,ruído,alcance
Instagram,tech,mixed,206,10096.66504854369,10100.29764651592,-0.000359652566623625,-0.0016377317076717622,0.0009184265744246227,0.5796435617301531,0.9954033944184817,ruído,alcance
Instagram,tech,text,216,10100.24537037037,10100.283472441248,-3.7723763873787064e-06,-0.0012928910216604742,0.0012853462688856992,0.9954033944184817,0.9954033944184817,ruído,alcance
Instagram,tech,video,1251,10102.56274980016,10100.227361026627,0.00023122140621745224,-0.00032229172034737696,0.0007847345327821761,0.4126501090572367,0.8710731497022668,ruído,alcance
RedNote,beauty,image,830,10104.622891566265,10100.213218122373,0.0004365921143110185,-0.00023922987265587964,0.0011124141012778357,0.20515648818915277,0.8710731497022668,ruído,alcance
RedNote,beauty,mixed,454,10105.508810572686,10100.237480680062,0.0005219015793151982,-0.00041865048260498214,0.0014624536412352108,0.2760952351794134,0.8710731497022668,ruído,alcance
RedNote,beauty,text,366,10083.811475409837,10100.399591112482,-0.0016423227173349986,-0.0027330545627831325,-0.0005515908718868636,0.003266225670615224,0.19597354023691343,ruído,alcance
RedNote,beauty,video,2571,10104.855698171918,10100.046512096367,0.0004761548444149888,8.831334156987573e-05,0.0008639963472598879,0.016135060425697085,0.4840518127709125,ruído,alcance
RedNote,lifestyle,image,841,10094.901307966706,10100.371420785237,-0.0005415754124917793,-0.0012343360004304414,0.00015118517544695874,0.12530294285201227,0.8710731497022668,ruído,alcance
RedNote,lifestyle,mixed,411,10101.265206812652,10100.275524583518,9.798566650243146e-05,-0.0008610367998014159,0.0010570081328061588,0.8409234375646991,0.9954033944184817,ruído,alcance
RedNote,lifestyle,text,404,10105.636138613861,10100.241574985524,0.0005341024358960222,-0.0004606424941989819,0.001528847365990816,0.29183122244830745,0.8710731497022668,ruído,alcance
RedNote,lifestyle,video,2469,10097.288375860673,10100.431963011359,-0.0003112329415412285,-0.0007084600359492621,8.599415286670767e-05,0.12457073883099344,0.8710731497022668,ruído,alcance
RedNote,tech,image,422,10101.604265402844,10100.272551745444,0.00013184927937115454,-0.0008043778834267476,0.0010680764421691859,0.7820633420907159,0.9954033944184817,ruído,alcance
RedNote,tech,mixed,228,10097.377192982456,10100.296060477822,-0.00028898831062851293,-0.0015461585486102039,0.0009681819273531003,0.6510252887206655,0.9954033944184817,ruído,alcance
RedNote,tech,text,190,10094.826315789474,10100.303244656312,-0.0005422539040830232,-0.0018686342639643494,0.0007841264557982412,0.42101868902276224,0.8710731497022668,ruído,alcance
RedNote,tech,video,1216,10103.560032894737,10100.205184517039,0.000332156457854893,-0.00020455128702873737,0.0008688642027386877,0.2249235530457359,0.8710731497022668,ruído,alcance
TikTok,beauty,image,790,10100.948101265823,10100.273102053516,6.682979811412082e-05,-0.0006258415611622886,0.0007595011573905339,0.8498410837109885,0.9954033944184817,ruído,alcance
TikTok,beauty,mixed,424,10093.471698113208,10100.33908090365,-0.0006799160637513957,-0.0016599611653026682,0.00030012903779991505,0.17341184613978863,0.8710731497022668,ruído,alcance
TikTok,beauty,text,434,10099.587557603687,10100.289146388566,-6.946224753678898e-05,-0.0009886261423278785,0.0008497016472543617,0.8819966699766272,0.9954033944184817,ruído,alcance
TikTok,beauty,video,2482,10098.91982272361,10100.351363307327,-0.00014173176082932226,-0.0005437295600929377,0.0002602660384341881,0.48941821963837745,0.9472610702678274,ruído,alcance
TikTok,lifestyle,image,782,10103.382352941177,10100.236195364754,0.00031149346565451097,-0.00038123081918056413,0.0010042177504894102,0.37768746372420137,0.8710731497022668,ruído,alcance
TikTok,lifestyle,mixed,383,10108.0,10100.22629314503,0.0007696567016766132,-0.00022050116672009542,0.001759814570073526,0.12726231938227794,0.8710731497022668,ruído,alcance
TikTok,lifestyle,text,434,10097.813364055299,10100.304016994978,-0.00024659187837206,-0.0011686745264782358,0.000675490769734162,0.5994336138628699,0.9954033944184817,ruído,alcance
TikTok,lifestyle,video,2529,10100.851720047449,10100.254382610447,5.9140830950932255e-05,-0.0003331071653175597,0.0004513888272192212,0.7675271978963099,0.9954033944184817,ruído,alcance
TikTok,tech,image,413,10102.096852300243,10100.268855813594,0.0001809849334453162,-0.0007965559594091126,0.0011585258262996555,0.7160966946985154,0.9954033944184817,ruído,alcance
TikTok,tech,mixed,187,10101.085561497326,10100.28043131451,7.971364639747236e-05,-0.0013600749629243945,0.0015195022557191891,0.913145951705018,0.9954033944184817,ruído,alcance
TikTok,tech,text,210,10093.985714285714,10100.308745481118,-0.0006260235557880023,-0.0019975274496081656,0.000745480338032107,0.36925619822967176,0.8710731497022668,ruído,alcance
TikTok,tech,video,1228,10103.45684039088,10100.206880320087,0.0003217716339181109,-0.0002486536840354242,0.0008921969518718242,0.26865673712488003,0.8710731497022668,ruído,alcance
YouTube,beauty,image,872,10100.063073394496,10100.2870554322,-2.217580911056949e-05,-0.0006883278622059994,0.000643976243984798,0.9479226921901482,0.9954033944184817,ruído,alcance
YouTube,beauty,mixed,403,10099.245657568239,10100.291385999111,-0.00010353448142319532,-0.0010639566377670287,0.0008568876749207024,0.8322798060543294,0.9954033944184817,ruído,alcance
YouTube,beauty,text,412,10096.868932038835,10100.3104706382,-0.00034073592186789625,-0.0012517213137013124,0.000570249469965449,0.4626220665476041,0.9252441330952083,ruído,alcance
YouTube,beauty,video,2537,10098.008277493102,10100.399500775007,-0.00023674541603257993,-0.0006372958568654873,0.00016380502480043557,0.2465800077248933,0.8710731497022668,ruído,alcance
YouTube,lifestyle,image,848,10097.27358490566,10100.333002375111,-0.00030290263387666716,-0.0009615143335050421,0.0003557090657517494,0.36695697881198897,0.8710731497022668,ruído,alcance
YouTube,lifestyle,mixed,429,10100.88111888112,10100.278362460173,5.967720881705496e-05,-0.0009146146991017445,0.0010339691167358938,0.9042324668749002,0.9954033944184817,ruído,alcance
YouTube,lifestyle,text,433,10104.06466512702,10100.251694637029,0.00037751242298411647,-0.0005331323988768446,0.0012881572448449345,0.4156532969041092,0.8710731497022668,ruído,alcance
YouTube,lifestyle,video,2501,10101.170331867253,10100.238690081065,9.223958114001896e-05,-0.0002994264041030971,0.0004839055663833279,0.6442720013335435,0.9954033944184817,ruído,alcance
YouTube,tech,image,441,10106.7052154195,10100.228613369904,0.0006412332133773901,-0.0002916463934562679,0.0015741128202110006,0.1774185840865137,0.8710731497022668,ruído,alcance
YouTube,tech,mixed,209,10108.244019138756,10100.251321988271,0.0007913364623992614,-0.000821166669726857,0.002403839594525184,0.33443615402703436,0.8710731497022668,ruído,alcance
YouTube,tech,text,207,10090.821256038647,10100.320976022458,-0.000940536444966722,-0.0022976611156500237,0.0004165882257166158,0.1733260228091608,0.8710731497022668,ruído,alcance
YouTube,tech,video,1203,10098.954280964255,10100.314657622866,-0.00013468656222348496,-0.0007140548928658342,0.00044468176841877896,0.648414991880333,0.9954033944184817,ruído,alcance
Bilibili,beauty,image,776,0.01991452267670524,0.019803313070033524,0.0056157071434679295,0.0004916448327290375,0.010739769454206646,0.031753495494458876,0.6064728861814257,ruído,conversa
Bilibili,beauty,mixed,417,0.01985362564472899,0.019804574114324295,0.002476777845437983,-0.00447418271287053,0.009427738403746572,0.4840732256427564,0.9824944251400818,ruído,conversa
Bilibili,beauty,text,459,0.019833268141241218,0.019804714852993486,0.0014417419518371055,-0.004894616521692768,0.00777810042536695,0.6549962834267212,0.9824944251400818,ruído,conversa
Bilibili,beauty,video,2599,0.019782726772925287,0.01980613081549279,-0.0011816564671579544,-0.004035506943773232,0.001672194009457396,0.41692827246860875,0.9824944251400818,ruído,conversa
Bilibili,lifestyle,image,824,0.019728307591151642,0.01980619501534148,-0.00393247790045026,-0.008887812403290113,0.0010228566023896186,0.11969649264840763,0.9824944251400818,ruído,conversa
Bilibili,lifestyle,mixed,410,0.01974991397192681,0.01980540156291054,-0.0028016392804497414,-0.009905330592428705,0.00430205203152925,0.43863086211420194,0.9824944251400818,ruído,conversa
Bilibili,lifestyle,text,416,0.019769536827277365,0.019805250395253875,-0.0018032373872469698,-0.008555659240153298,0.004949184465659391,0.5999180517865682,0.9824944251400818,ruído,conversa
Bilibili,lifestyle,video,2510,0.019829132379828026,0.019803745473606537,0.0012819244852102507,-0.0016357580499942403,0.004199607020414851,0.38902896382789953,0.9824944251400818,ruído,conversa
Bilibili,tech,image,433,0.019850984542470435,0.019804581042981363,0.002343068979261176,-0.004415918971244392,0.009102056929766589,0.49602938500875293,0.9824944251400818,ruído,conversa
Bilibili,tech,mixed,217,0.01997461692543268,0.0198042578498892,0.008602143884146152,-0.0011671584179145664,0.01837144618620705,0.08407606862942255,0.9824944251400818,ruído,conversa
Bilibili,tech,text,203,0.019757105538371976,0.01980515265749972,-0.002425990849888815,-0.012238481445905797,0.007386499746128232,0.6264502932553189,0.9824944251400818,ruído,conversa
Bilibili,tech,video,1334,0.019780130761874036,0.019805616997978923,-0.001286818588256411,-0.0051151786635815445,0.0025415414870686337,0.5097685722322682,0.9824944251400818,ruído,conversa
Instagram,beauty,image,819,0.019806591222522634,0.019804939956849142,8.337645441436337e-05,-0.00487834912568398,0.005045102034512761,0.9736964298796118,0.9856908273636391,ruído,conversa
Instagram,beauty,mixed,424,0.019822246164781697,0.01980482438539564,0.0008796735102030162,-0.00624303501399292,0.008002382034399005,0.8083188402330767,0.9856908273636391,ruído,conversa
Instagram,beauty,text,413,0.01995345799828001,0.01980378195672319,0.007557952409489532,0.0007687352100235937,0.014347169608955521,0.02920596364352705,0.6064728861814257,ruído,conversa
Instagram,beauty,video,2541,0.019815441416883222,0.01980442998516714,0.0005560085154849848,-0.002289009231861668,0.0034010262628318593,0.7015962732072465,0.9851163473149617,ruído,conversa
Instagram,lifestyle,image,796,0.019812367809733913,0.019804851268368263,0.00037953031122506253,-0.004423683188527603,0.00518274381097767,0.8767831251228384,0.9856908273636391,ruído,conversa
Instagram,lifestyle,mixed,411,0.01983871794970234,0.019804698071852596,0.0017177680632300962,-0.005417860711047664,0.008853396837507951,0.6363181994515333,0.9824944251400818,ruído,conversa
Instagram,lifestyle,text,401,0.019714017792738115,0.01980566973845598,-0.004627561043285766,-0.011666476196492402,0.002411354109920809,0.19696000826279356,0.9824944251400818,ruído,conversa
Instagram,lifestyle,video,2529,0.019768646604592762,0.019806814532162473,-0.0019270098938793945,-0.004801315590021645,0.0009472958022629138,0.18875850349692652,0.9824944251400818,ruído,conversa
Instagram,tech,image,416,0.019735582663784907,0.019805523087867736,-0.003531359599670103,-0.010345279693204198,0.0032825604938640663,0.30893540240068296,0.9824944251400818,ruído,conversa
Instagram,tech,mixed,206,0.019948556824767212,0.01980439710405333,0.007279177445112861,-0.0025881589539068356,0.01714651384413244,0.14735474166662244,0.9824944251400818,ruído,conversa
Instagram,tech,text,216,0.01981231184318771,0.019804935342424303,0.0003724577049037947,-0.0086522412136,0.009397156623407482,0.935244016887459,0.9856908273636391,ruído,conversa
Instagram,tech,video,1251,0.01979020318036063,0.01980532824038766,-0.0007636864102150698,-0.004734311662815821,0.0032069388423856407,0.7060000489090559,0.9851163473149617,ruído,conversa
RedNote,beauty,image,830,0.01990339286214641,0.019803375977306675,0.0050504966907838345,0.00022070448328371557,0.00988028889828382,0.04043152574542838,0.6064728861814257,ruído,conversa
RedNote,beauty,mixed,454,0.019784763964089895,0.019805143053589852,-0.0010289796667872775,-0.007569465505946861,0.005511506172372333,0.7573378530100339,0.9856908273636391,ruído,conversa
RedNote,beauty,text,366,0.01981868134526634,0.019804869038750582,0.000697419734951632,-0.0065025300002404035,0.007897369470143864,0.8490425482584136,0.9856908273636391,ruído,conversa
RedNote,beauty,video,2571,0.019799179663936687,0.019805265523387516,-0.00030728492095410953,-0.003128181953118765,0.002513612111210537,0.8308797740834832,0.9856908273636391,ruído,conversa
RedNote,lifestyle,image,841,0.019797482542232493,0.01980508836306017,-0.0003840336729759031,-0.005263403708161986,0.004495336362210266,0.8772706482097653,0.9856908273636391,ruído,conversa
RedNote,lifestyle,mixed,411,0.019824330031736587,0.019804812224204466,0.0009855083356087313,-0.005592873033295937,0.007563889704513599,0.7685401442084551,0.9856908273636391,ruído,conversa
RedNote,lifestyle,text,404,0.019847436235753312,0.019804634685471206,0.002161188578424289,-0.004509914823806681,0.008832291980655336,0.5245875373512875,0.9824944251400818,ruído,conversa
RedNote,lifestyle,video,2469,0.019833776564071186,0.019803535892186468,0.0015270339624879892,-0.0013941333815160857,0.004448201306492085,0.30544301707421545,0.9824944251400818,ruído,conversa
RedNote,tech,image,422,0.019852007670489197,0.019804582562105367,0.002394653269520264,-0.004146019966147166,0.008935326505187725,0.47215806179670694,0.9824944251400818,ruído,conversa
RedNote,tech,mixed,228,0.019885944962138982,0.019804610699844957,0.0041068346925225985,-0.0055930019143890525,0.013806671299434059,0.40501270923813104,0.9824944251400818,ruído,conversa
RedNote,tech,text,190,0.019681597533924584,0.019805416418615676,-0.006251768812834069,-0.016167963768745044,0.0036644261430769922,0.21518207451558866,0.9824944251400818,ruído,conversa
RedNote,tech,video,1216,0.01982594615138951,0.019804465602051412,0.001084631606311559,-0.002940140923822394,0.005109404136445675,0.5971121166744365,0.9824944251400818,ruído,conversa
TikTok,beauty,image,790,0.019749781072216876,0.019805813632670664,-0.0028290966224866487,-0.007968198323793082,0.0023100050788197914,0.28020539159683516,0.9824944251400818,ruído,conversa
TikTok,beauty,mixed,424,0.019817861423694853,0.019804860282870457,0.000656462132966551,-0.0062618447508312955,0.007574769016764217,0.8521393694671825,0.9856908273636391,ruído,conversa
TikTok,beauty,text,434,0.019786503384691914,0.019805120603023394,-0.0009400204474714347,-0.007572649985142657,0.005692609090199774,0.7807251849508244,0.9856908273636391,ruído,conversa
TikTok,beauty,video,2482,0.019775006539385277,0.01980646105249645,-0.0015880935533006957,-0.004438101581625207,0.0012619144750237263,0.27465576816421716,0.9824944251400818,ruído,conversa
TikTok,lifestyle,image,782,0.019831688749226303,0.01980455954836702,0.0013698462110720566,-0.0035728298983592373,0.006312522320503336,0.5865819482009789,0.9824944251400818,ruído,conversa
TikTok,lifestyle,mixed,383,0.019917637329567212,0.019804133283098595,0.0057313311744617845,-0.001153405692259725,0.012616068041183127,0.10250094591609156,0.9824944251400818,ruído,conversa
TikTok,lifestyle,text,434,0.019821438771241914,0.019804827788080123,0.0008387340369497842,-0.006155241700509563,0.007832709774409141,0.8137812821314052,0.9856908273636391,ruído,conversa
TikTok,lifestyle,video,2529,0.019829659927916753,0.019803708912867184,0.0013104118609170712,-0.00149170227248574,0.004112525994319752,0.3592343622893466,0.9824944251400818,ruído,conversa
TikTok,tech,image,413,0.019777921574953585,0.019805181476864383,-0.0013764025309559447,-0.007777590895623938,0.005024785833712068,0.6727626769365186,0.9845307467363686,ruído,conversa
TikTok,tech,mixed,187,0.019855230857975924,0.019804785190825267,0.00254714538252232,-0.007950016028481732,0.013044306793526401,0.632724555740499,0.9824944251400818,ruído,conversa
TikTok,tech,text,210,0.019734890126237657,0.019805248834070414,-0.0035525283434824084,-0.012781281250525776,0.005676224563560942,0.44880388392515314,0.9824944251400818,ruído,conversa
TikTok,tech,video,1228,0.01978703272227148,0.019805397778028443,-0.0009272752793351158,-0.004946972603926525,0.003092422045256297,0.6509450236298516,0.9824944251400818,ruído,conversa
YouTube,beauty,image,872,0.01969063826968732,0.019806907614084768,-0.005870141198354828,-0.01065214532136,-0.0010881370753496411,0.01618782841803875,0.6064728861814257,ruído,conversa
YouTube,beauty,mixed,403,0.01979805471407762,0.01980501961443968,-0.0003516734897340834,-0.007178652425773558,0.006475305446305502,0.91939197382503,0.9856908273636391,ruído,conversa
YouTube,beauty,text,412,0.01980114791374208,0.019804996223177596,-0.00019431003127445834,-0.007073461545664479,0.006684841483115565,0.9557487773951664,0.9856908273636391,ruído,conversa
YouTube,beauty,video,2537,0.019790094385440896,0.019805725342465205,-0.0007892140658335434,-0.0035866289495767004,0.0020082008179095933,0.580178399148839,0.9824944251400818,ruído,conversa
YouTube,lifestyle,image,848,0.019776400015984425,0.019805437450452688,-0.0014661344664012033,-0.006307195198829166,0.0033749262660266884,0.5523949428303437,0.9824944251400818,ruído,conversa
YouTube,lifestyle,mixed,429,0.019873113512787057,0.019804401305330153,0.0034695422697990086,-0.0037681858742537448,0.010707270413851635,0.3466284901996643,0.9824944251400818,ruído,conversa
YouTube,lifestyle,text,433,0.019756882884184195,0.01980536793427427,-0.0024480762110038468,-0.009279305736321686,0.004383153314313983,0.4816039893410053,0.9824944251400818,ruído,conversa
YouTube,lifestyle,video,2501,0.019789292825466834,0.01980575434870185,-0.0008311485109424588,-0.0037389435373982585,0.0020766465155132394,0.57520293928726,0.9824944251400818,ruído,conversa
YouTube,tech,image,441,0.019803124720227026,0.019804981540414643,-9.375520920473779e-05,-0.00695375011885946,0.006766239700450019,0.9785838347329796,0.9856908273636391,ruído,conversa
YouTube,tech,mixed,209,0.01981776677015743,0.019804914412816937,0.0006489478859943443,-0.009220402576885505,0.010518298348874015,0.8969885629826565,0.9856908273636391,ruído,conversa
YouTube,tech,text,207,0.01990969789726019,0.019804548999726477,0.005309330575271609,-0.00456148621296687,0.01518014736351017,0.2901901823343754,0.9824944251400818,ruído,conversa
YouTube,tech,video,1203,0.019804246487858126,0.019804982822697347,-3.71792717929198e-05,-0.004103320971038027,0.0040289624274521,0.9856908273636391,0.9856908273636391,ruído,conversa
Bilibili,beauty,image,776,0.029769252356904766,0.02970606464566032,0.002127098018473994,-0.002054386017561678,0.006308582054509674,0.3183216805877919,0.9756805197091649,ruído,compartilhamento
Bilibili,beauty,mixed,417,0.029753205339582842,0.02970663178264818,0.0015677831561458078,-0.004210936605488846,0.007346502917780542,0.5941260131595094,0.9756805197091649,ruído,compartilhamento
Bilibili,beauty,text,459,0.029712517930711266,0.02970695483223336,0.00018726586111994514,-0.005103851581286691,0.005478383303526378,0.9445828635884587,0.9756805197091649,ruído,compartilhamento
Bilibili,beauty,video,2599,0.029691256504375856,0.02970782862879293,-0.0005578369467572619,-0.00290885408555261,0.0017931801920381225,0.6417903864930979,0.9756805197091649,ruído,compartilhamento
Bilibili,lifestyle,image,824,0.029753936860594705,0.029706251198663238,0.001605239974999284,-0.002453207050439345,0.00566368700043805,0.4377691055822953,0.9756805197091649,ruído,compartilhamento
Bilibili,lifestyle,mixed,410,0.02968424209794188,0.029707183881790552,-0.0007722638382675617,-0.006718274024865186,0.00517374634833005,0.7986152575717415,0.9756805197091649,ruído,compartilhamento
Bilibili,lifestyle,text,416,0.029826044135438608,0.02970604769898628,0.004039461515320308,-0.001732025810709631,0.009810948841350373,0.16963632193308703,0.9756805197091649,ruído,compartilhamento
Bilibili,lifestyle,video,2510,0.02969705069791465,0.029707506354029214,-0.00035195334101634224,-0.002699351469637223,0.0019954447876045283,0.7687856519391741,0.9756805197091649,ruído,compartilhamento
Bilibili,tech,image,433,0.029759944981520535,0.029706561033881838,0.001797042329396925,-0.0037940777695019607,0.007388162428295699,0.5279161394446923,0.9756805197091649,ruído,compartilhamento
Bilibili,tech,mixed,217,0.029627364687308443,0.029707336095068714,-0.002691975056408613,-0.01048488850447669,0.005100938391659507,0.4967019781474885,0.9756805197091649,ruído,compartilhamento
Bilibili,tech,text,203,0.02980807027688154,0.02970660927123545,0.003415435424477531,-0.004711296019130496,0.011542166868085667,0.4082765983272448,0.9756805197091649,ruído,compartilhamento
Bilibili,tech,video,1334,0.029692678461329905,0.02970737932399803,-0.0004948555881618688,-0.0036402104270885456,0.0026504992507648695,0.757652597066071,0.9756805197091649,ruído,compartilhamento
Instagram,beauty,image,819,0.029742574681772688,0.029706436898687853,0.001216496721167859,-0.00282671045905329,0.005259703901389107,0.5549806127604365,0.9756805197091649,ruído,compartilhamento
Instagram,beauty,mixed,424,0.02981553508234059,0.029706115199797673,0.003683412718458179,-0.0021951248660366128,0.009561950302952846,0.21878804453935058,0.9756805197091649,ruído,compartilhamento
Instagram,beauty,text,413,0.029689644972731116,0.029707142134296555,-0.000588988381525879,-0.00624851601587984,0.005070539252827996,0.8380111952845962,0.9756805197091649,ruído,compartilhamento
Instagram,beauty,video,2541,0.029695187005229478,0.02970760821557276,-0.0004181154623135175,-0.002725467528715091,0.0018892366040880574,0.7223779537490324,0.9756805197091649,ruído,compartilhamento
Instagram,lifestyle,image,796,0.02976845109594782,0.029706052471898156,0.002100535710986673,-0.0022013452118648225,0.006402416633838057,0.33812620322339165,0.9756805197091649,ruído,compartilhamento
Instagram,lifestyle,mixed,411,0.029641128382777552,0.029707526384709616,-0.002235056566885274,-0.00792401821086277,0.003453905077092114,0.44039446138037336,0.9756805197091649,ruído,compartilhamento
Instagram,lifestyle,text,401,0.029594347981409183,0.0297078756206336,-0.0038214660877861073,-0.009616357387391097,0.0019734252118189057,0.19558424219160186,0.9756805197091649,ruído,compartilhamento
Instagram,lifestyle,video,2529,0.02976360055016846,0.029704122920017267,0.0020023358478331588,-0.0003051091095808266,0.004309780805247194,0.08895319475938637,0.9756805197091649,ruído,compartilhamento
Instagram,tech,image,416,0.029695529628223714,0.029707095886850703,-0.000389343295993716,-0.005959275214909718,0.005180588622922211,0.8907822463243097,0.9756805197091649,ruído,compartilhamento
Instagram,tech,mixed,206,0.029659281942183226,0.02970719275865913,-0.0016127682230068219,-0.010484709504488515,0.007259173058474961,0.7204177308970612,0.9756805197091649,ruído,compartilhamento
Instagram,tech,text,216,0.029710501102936805,0.029706989207934912,0.00011821780313425734,-0.007516243886181015,0.0077526794924494,0.9756805197091649,0.9756805197091649,ruído,compartilhamento
Instagram,tech,video,1251,0.029717531027616602,0.029706745320269325,0.000363072670230169,-0.0028889727142686044,0.0036151180547289072,0.8266678639024182,0.9756805197091649,ruído,compartilhamento
RedNote,beauty,image,830,0.029676310063239394,0.029707499527478302,-0.0010498852052512886,-0.005284726678520767,0.0031849562680182223,0.6266690797978415,0.9756805197091649,ruído,compartilhamento
RedNote,beauty,mixed,454,0.029673440236614296,0.029707298129926795,-0.001139716347290154,-0.006665079602505027,0.004385646907924798,0.6854109657612268,0.9756805197091649,ruído,compartilhamento
RedNote,beauty,text,366,0.029699705033079775,0.0297070552582612,-0.0002474235536820135,-0.006699781451939935,0.0062049343445760175,0.9399339364665866,0.9756805197091649,ruído,compartilhamento
RedNote,beauty,video,2571,0.029600967000560044,0.0297124953551154,-0.003753584248727737,-0.006091486725029797,-0.0014156817724256573,0.0016602226930945466,0.0996133615856728,ruído,compartilhamento
RedNote,lifestyle,image,841,0.02978756567014365,0.029705684899535616,0.002756400698551653,-0.0014158164133233756,0.006928617810426675,0.19508842829591705,0.9756805197091649,ruído,compartilhamento
RedNote,lifestyle,mixed,411,0.029757630997254626,0.029706602064215628,0.0017177640488363899,-0.004112479946769802,0.00754800804444257,0.5628026604928421,0.9756805197091649,ruído,compartilhamento
RedNote,lifestyle,text,404,0.029628782933061096,0.029707613680128878,-0.0026535536619189948,-0.00850039298114001,0.0031932856573019994,0.372832964914842,0.9756805197091649,ruído,compartilhamento
RedNote,lifestyle,video,2469,0.029694380229123584,0.029707630280163384,-0.0004460150781075978,-0.0028428604278682205,0.0019508302716529223,0.7152285521008062,0.9756805197091649,ruído,compartilhamento
RedNote,tech,image,422,0.029714353055367636,0.029706943853936296,0.0002494097497127701,-0.00547883720738322,0.005977656706808671,0.9318406071527799,0.9756805197091649,ruído,compartilhamento
RedNote,tech,mixed,228,0.029901339310924428,0.02970615141979654,0.006570621968815971,-0.0018178375553618861,0.014959081492993647,0.12411776911886362,0.9756805197091649,ruído,compartilhamento
RedNote,tech,text,190,0.029894899446237157,0.02970631751071907,0.006348209785680847,-0.001294396322180181,0.013990815893541718,0.10298480135938734,0.9756805197091649,ruído,compartilhamento
RedNote,tech,video,1216,0.029693323760758224,0.029707329922337187,-0.00047147157336513423,-0.0037638989235240254,0.002820955776793689,0.7788088381603407,0.9756805197091649,ruído,compartilhamento
TikTok,beauty,image,790,0.029694688194906005,0.02970719293323075,-0.00042093301621770607,-0.004522366865392095,0.003680500832956754,0.8403954159135313,0.9756805197091649,ruído,compartilhamento
TikTok,beauty,mixed,424,0.029676651089528227,0.029707252230362503,-0.00103008991195086,-0.00608924679896438,0.004029066975062638,0.6892156677121906,0.9756805197091649,ruído,compartilhamento
TikTok,beauty,text,434,0.02979519532500581,0.02970626454811474,0.0029936708045883442,-0.0026166008321989254,0.008603942441375677,0.2948774374110608,0.9756805197091649,ruído,compartilhamento
TikTok,beauty,video,2482,0.029711631494852727,0.029706772776124216,0.00016355592595429513,-0.002192010111699753,0.002519121963608198,0.8917143073176611,0.9756805197091649,ruído,compartilhamento
TikTok,lifestyle,image,782,0.029717913103500915,0.029706837864082597,0.0003728178498496604,-0.003862580150490724,0.004608215850189912,0.8628642665938812,0.9756805197091649,ruído,compartilhamento
TikTok,lifestyle,mixed,383,0.029651019824733678,0.02970741742354114,-0.001898434926314696,-0.007614517069683594,0.0038176472170541073,0.5141538296234323,0.9756805197091649,ruído,compartilhamento
TikTok,lifestyle,text,434,0.029758393978763564,0.02970657300281287,0.0017444279400988805,-0.0036285106166880836,0.007117366496885774,0.5237450938745282,0.9756805197091649,ruído,compartilhamento
TikTok,lifestyle,video,2529,0.029625743715125826,0.029711139925870596,-0.0028742152255967213,-0.005199290295936933,-0.0005491401552564038,0.015416995155627087,0.4625098546688126,ruído,compartilhamento
TikTok,tech,image,413,0.029675539381494833,0.02970725459562318,-0.0010675915549941406,-0.007104979248739635,0.004969796138751325,0.7283251505992382,0.9756805197091649,ruído,compartilhamento
TikTok,tech,mixed,187,0.0296390286704506,0.029707248057951822,-0.002296388658018511,-0.009876640008614976,0.0052838626925779284,0.5508190937135653,0.9756805197091649,ruído,compartilhamento
TikTok,tech,text,210,0.02981430383411052,0.029706570442028894,0.003626584640319397,-0.0042470712270326885,0.011500240507671358,0.36493204777835136,0.9756805197091649,ruído,compartilhamento
TikTok,tech,video,1228,0.029711622547687933,0.02970689249174034,0.00015922419179004166,-0.0030461021597581006,0.0033645505433382308,0.922382333422014,0.9756805197091649,ruído,compartilhamento
YouTube,beauty,image,872,0.029720375620546104,0.029706776625984917,0.0004577741547795444,-0.0035421404614836434,0.004457688771042866,0.8223320070248773,0.9756805197091649,ruído,compartilhamento
YouTube,beauty,mixed,403,0.02971391105972504,0.029706950008981964,0.00023432397943823347,-0.005495244288063263,0.005963892246939654,0.9359620481790683,0.9756805197091649,ruído,compartilhamento
YouTube,beauty,text,412,0.029785184263390784,0.02970638193807028,0.0026527069329675967,-0.0034589506336029224,0.008764364499538123,0.39404861007931347,0.9756805197091649,ruído,compartilhamento
YouTube,beauty,video,2537,0.029708629223904857,0.029706920722495065,5.7511898515327786e-05,-0.0022629851172868464,0.00237800891431728,0.9612436800252175,0.9756805197091649,ruído,compartilhamento
YouTube,lifestyle,image,848,0.029754903602797395,0.029706212958323826,0.0016390727603643462,-0.00234902283135545,0.005627168352083998,0.4200908548818035,0.9756805197091649,ruído,compartilhamento
YouTube,lifestyle,mixed,429,0.02981514494599891,0.02970610786696148,0.003670527270881463,-0.001914853285532003,0.009255907827294945,0.19717576686490992,0.9756805197091649,ruído,compartilhamento
YouTube,lifestyle,text,433,0.029811407877859387,0.02970613069390936,0.0035439547827618156,-0.0016582135326470178,0.008746123098170551,0.18129491205538137,0.9756805197091649,ruído,compartilhamento
YouTube,lifestyle,video,2501,0.02972022627814412,0.02970633852615604,0.00046750130366457476,-0.0018376306406479481,0.0027726332479771605,0.6909026880640374,0.9756805197091649,ruído,compartilhamento
YouTube,tech,image,441,0.029600314839636814,0.029707912507062638,-0.0036218521715466467,-0.009258633690864538,0.002014929347771158,0.20732952253969722,0.9756805197091649,ruído,compartilhamento
YouTube,tech,mixed,209,0.029592415030276313,0.02970746425018952,-0.0038727378057006323,-0.011981295060772215,0.004235819449371002,0.3475137857092002,0.9756805197091649,ruído,compartilhamento
YouTube,tech,text,207,0.029717592732679213,0.029706961589339307,0.0003578670712565124,-0.007720942757323878,0.008436676899836895,0.930493723674843,0.9756805197091649,ruído,compartilhamento
YouTube,tech,video,1203,0.029703477149624704,0.029707086904029234,-0.0001215115577031245,-0.003365865644507352,0.003122842529101144,0.9414378758834103,0.9756805197091649,ruído,compartilhamento
